<?xml version="1.0" encoding="UTF-8"?>
<Centro_Comercial>
    <Tiendas>
        <Tienda>
            <Nombre>Sprinter</Nombre>
            <Parcelas num="2">
            </Parcelas>
            <Metros_Cuadrados>200</Metros_Cuadrados>
            <Encargado>
                <Nombre>Paco</Nombre>
                <Apellidos>Arjona</Apellidos>
                <Teléfono>Jimenez</Teléfono>
                <NSS>39874857</NSS>
            </Encargado>
        </Tienda>
        <Tienda>
            <Nombre></Nombre>
            <Parcelas num="3">
            </Parcelas>
            <Metros_Cuadrados></Metros_Cuadrados>
            <Encargado>
                <Nombre></Nombre>
                <Apellidos></Apellidos>
                <Teléfono></Teléfono>
                <NSS></NSS>
            </Encargado>
        </Tienda>
        <Tienda>
            <Nombre></Nombre>
            <Parcelas num="1">
            </Parcelas>
            <Metros_Cuadrados></Metros_Cuadrados>
            <Encargado>
                <Nombre></Nombre>
                <Apellidos></Apellidos>
                <Teléfono></Teléfono>
                <NSS></NSS>
            </Encargado>
        </Tienda>
        <Tienda>
            <Nombre></Nombre>
            <Parcelas>
            </Parcelas>
            <Metros_Cuadrados></Metros_Cuadrados>
            <Encargado>
                <Nombre></Nombre>
                <Apellidos></Apellidos>
                <Teléfono></Teléfono>
                <NSS></NSS>
            </Encargado>
        </Tienda>
        <Tienda>
            <Nombre></Nombre>
            <Parcelas>
            </Parcelas>
            <Metros_Cuadrados></Metros_Cuadrados>
            <Encargado>
                <Nombre></Nombre>
                <Apellidos></Apellidos>
                <Teléfono></Teléfono>
                <NSS></NSS>
            </Encargado>
        </Tienda>
        <Tienda>
            <Nombre></Nombre>
            <Parcelas>
            </Parcelas>
            <Metros_Cuadrados></Metros_Cuadrados>
            <Encargado>
                <Nombre></Nombre>
                <Apellidos></Apellidos>
                <Teléfono></Teléfono>
                <NSS></NSS>
            </Encargado>
        </Tienda>
        <Tienda>
            <Nombre></Nombre>
            <Parcelas>
            </Parcelas>
            <Metros_Cuadrados></Metros_Cuadrados>
            <Encargado>
                <Nombre></Nombre>
                <Apellidos></Apellidos>
                <Teléfono></Teléfono>
                <NSS></NSS>
            </Encargado>
        </Tienda>
        <Tienda>
            <Nombre></Nombre>
            <Parcelas>
            </Parcelas>
            <Metros_Cuadrados></Metros_Cuadrados>
            <Encargado>
                <Nombre></Nombre>
                <Apellidos></Apellidos>
                <Teléfono></Teléfono>
                <NSS></NSS>
            </Encargado>
        </Tienda>
        <Tienda>
            <Nombre></Nombre>
            <Parcelas>
            </Parcelas>
            <Metros_Cuadrados></Metros_Cuadrados>
            <Encargado>
                <Nombre></Nombre>
                <Apellidos></Apellidos>
                <Teléfono></Teléfono>
                <NSS></NSS>
            </Encargado>
        </Tienda>
        <Tienda>
            <Nombre></Nombre>
            <Parcelas>
            </Parcelas>
            <Metros_Cuadrados></Metros_Cuadrados>
            <Encargado>
                <Nombre></Nombre>
                <Apellidos></Apellidos>
                <Teléfono></Teléfono>
                <NSS></NSS>
            </Encargado>
        </Tienda>
    </Tiendas>
</Centro_Comercial>